TimeStamps,RShoulder_x,RShoulder_y,RShoulder_z,RElbow_x,RElbow_y,RElbow_z,RIndex3DIP_x,RIndex3DIP_y,RIndex3DIP_z,RIndex4FingerTip_x,RIndex4FingerTip_y,RIndex4FingerTip_z,RMiddle1Knuckles_x,RMiddle1Knuckles_y,RMiddle1Knuckles_z,RMiddle2PIP_x,RMiddle2PIP_y,RMiddle2PIP_z,RMiddle3DIP_x,RMiddle3DIP_y,RMiddle3DIP_z,RMiddle4FingerTip_x,RMiddle4FingerTip_y,RMiddle4FingerTip_z,RRing1Knuckles_x,RRing1Knuckles_y,RRing1Knuckles_z,RRing2PIP_x,RRing2PIP_y,RRing2PIP_z,RRing3DIP_x,RRing3DIP_y,RRing3DIP_z,RRing4FingerTip_x,RRing4FingerTip_y,RRing4FingerTip_z,RWrist_x,RWrist_y,RWrist_z,RPinky1Knuckles_x,RPinky1Knuckles_y,RPinky1Knuckles_z,RPinky2PIP_x,RPinky2PIP_y,RPinky2PIP_z,RPinky3DIP_x,RPinky3DIP_y,RPinky3DIP_z,RPinky4FingerTip_x,RPinky4FingerTip_y,RPinky4FingerTip_z,RPalmBase_x,RPalmBase_y,RPalmBase_z,RThumb1CMC_x,RThumb1CMC_y,RThumb1CMC_z,RThumb2Knuckles_x,RThumb2Knuckles_y,RThumb2Knuckles_z,RThumb3IP_x,RThumb3IP_y,RThumb3IP_z,RThumb4FingerTip_x,RThumb4FingerTip_y,RThumb4FingerTip_z,RIndex1Knuckles_x,RIndex1Knuckles_y,RIndex1Knuckles_z,RIndex2PIP_x,RIndex2PIP_y,RIndex2PIP_z
1598532956.39,-0.1889289,-0.0054231,0.4794944,-0.273074,0.0917211,0.2758956,-0.3407343,0.0487308,0.1361553,-0.3314206,0.0361689,0.1238527,0.0,0.0,0.0,-0.2572502,-0.1034435,0.0459527,-0.2711598,-0.1102343,0.0225273,-0.2797628,-0.108395,0.0010878,-0.3555709,0.0119497,0.1033188,0.0,0.0,0.0,-0.2961803,-0.1145412,0.0120164,-0.2852039,-0.1150653,-0.0066622,-0.3703356,0.0047524,0.1024699,-0.3816567,-0.022754,0.0658741,-0.35197,-0.0673681,0.0219099,-0.3340219,-0.0837345,-0.0036214,-0.3804888,0.0047689,0.0981124,-0.3868026,-0.0316319,0.0615702,-0.3699345,-0.0620222,0.0266894,-0.3601885,-0.0716447,0.0029026,-0.3828444,0.0001399,0.0919437,-0.3871854,-0.030136,0.0570519,-0.374067,-0.0594644,0.029919,-0.3677639,-0.0651344,0.0211334
1598532956.88,-0.1887178,-0.006248,0.481986,-0.2707181,0.0863741,0.2707101,-0.3407343,0.0487308,0.1361553,-0.334033,0.0415918,0.1256001,-0.2667418,-0.0807042,0.068948,-0.258807,-0.100491,0.0491263,-0.2693597,-0.1138987,0.0215299,-0.2757729,-0.1117398,8.94e-05,-0.3653251,0.020991,0.1039307,-0.3563955,-0.0211582,0.0595181,-0.2961803,-0.1145412,0.0120164,-0.2852039,-0.1150653,-0.0066622,-0.3753573,0.0096515,0.1016126,-0.3816567,-0.022754,0.0658741,-0.358245,-0.0562254,0.0272029,-0.3318068,-0.0833867,-0.0036939,-0.3806868,0.005543,0.095774,-0.3868026,-0.0316319,0.0615702,-0.3678401,-0.0609409,0.0244296,-0.35592,-0.0749579,0.0019304,-0.3834203,-0.002446,0.0836895,-0.3819443,-0.0440873,0.0532815,-0.374067,-0.0594644,0.029919,-0.3680641,-0.0726179,0.0148257
1598532957.37,-0.1889289,-0.0054231,0.4794944,-0.2701395,0.0987173,0.2754169,0.0,0.0,0.0,-0.3316233,0.0369611,0.1214597,0.0,0.0,0.0,-0.2594415,-0.1037875,0.0460244,-0.2693597,-0.1138987,0.0215299,-0.2776009,-0.1080556,0.0010171,-0.3583373,0.0074415,0.0997324,0.0,0.0,0.0,-0.2921346,-0.117865,0.0109808,-0.2852039,-0.1150653,-0.0066622,-0.3799256,0.0178843,0.1067798,-0.3841411,-0.0182285,0.0671815,-0.3517863,-0.0680863,0.0240793,-0.3359932,-0.0800582,-0.0027314,-0.3853498,0.0088909,0.0995859,-0.3962462,-0.0193425,0.0652875,-0.3632847,-0.0691445,0.0222802,-0.3515508,-0.0825008,-0.0022223,-0.3830274,-0.0039815,0.0883275,-0.3941005,-0.0223574,0.0594374,-0.374067,-0.0594644,0.029919,-0.3680641,-0.0726179,0.0148257
1598532957.85,-0.1913169,-0.0066561,0.4820711,-0.2752781,0.0970264,0.2781595,-0.3429183,0.0532398,0.1376383,-0.334033,0.0415918,0.1256001,0.0,0.0,0.0,-0.2576989,-0.1074367,0.0449582,-0.2711598,-0.1102343,0.0225273,-0.2744304,-0.1187651,-0.0037473,0.0,0.0,0.0,0.0,0.0,0.0,-0.2961803,-0.1145412,0.0120164,-0.2850296,-0.1157467,-0.0046038,-0.3750844,0.0137652,0.1052894,-0.3865234,-0.0186025,0.0672594,-0.3564428,-0.0591514,0.0240566,-0.3359932,-0.0800582,-0.0027314,-0.380453,0.0096597,0.0994256,-0.3937151,-0.0238638,0.0639874,-0.3701196,-0.0612987,0.0245042,-0.35592,-0.0749579,0.0019304,-0.380219,-0.0002495,0.0941921,-0.3848288,-0.029766,0.0569747,-0.374067,-0.0594644,0.029919,-0.3702185,-0.0647703,0.0190312
1598532958.33,-0.1873415,-0.0096165,0.4768391,0.0,0.0,0.0,-0.3383178,0.0441187,0.1319635,-0.3317294,0.0427812,0.1231145,0.0,0.0,0.0,-0.2578762,-0.1067436,0.0428646,-0.2673734,-0.1128731,0.0193867,-0.2797628,-0.108395,0.0010878,-0.3605382,0.0168604,0.1024508,-0.3540015,-0.025704,0.0582313,-0.2960048,-0.1152273,0.0140889,-0.2850296,-0.1157467,-0.0046038,-0.3750844,0.0137652,0.1052894,-0.3841411,-0.0182285,0.0671815,-0.3515033,-0.0640804,0.0249661,-0.3379644,-0.0763818,-0.0018414,-0.3780495,0.0051518,0.0980326,-0.3893245,-0.0271092,0.0628699,-0.3653638,-0.070218,0.0245236,-0.3599642,-0.067626,0.0037279,-0.3781893,-0.0032219,0.0881692,-0.386994,-0.030884,0.059311,-0.3738813,-0.0601902,0.0321113,-0.3659151,-0.0680634,0.0180155
1598532958.82,-0.1871311,-0.0104385,0.4793219,0.0,0.0,0.0,-0.3359295,0.0388109,0.1328928,-0.3314206,0.0361689,0.1238527,0.0,0.0,0.0,-0.2592636,-0.104483,0.0481251,-0.2689905,-0.1098937,0.0224564,-0.2762663,-0.1150797,-0.0028265,-0.3628583,0.0213783,0.1038499,0.0,0.0,0.0,-0.2921346,-0.117865,0.0109808,-0.2852039,-0.1150653,-0.0066622,-0.3774588,0.0182716,0.1066991,-0.3796692,-0.0263743,0.0648282,-0.3564428,-0.0591514,0.0240566,-0.3359932,-0.0800582,-0.0027314,-0.3853498,0.0088909,0.0995859,-0.391342,-0.0234912,0.0639097,-0.3699345,-0.0620222,0.0266894,-0.35592,-0.0749579,0.0019304,-0.3857634,0.0055512,0.0935953,-0.3844714,-0.0354095,0.05802,-0.374067,-0.0594644,0.029919,-0.3704029,-0.0640498,0.0168548
1598532959.29,-0.1887178,-0.006248,0.481986,0.0,0.0,0.0,0.0,0.0,0.0,0.0,0.0,0.0,0.0,0.0,0.0,-0.258807,-0.100491,0.0491263,-0.2693597,-0.1138987,0.0215299,-0.2777765,-0.1073694,-0.0010555,-0.3631954,0.0172545,0.1001752,-0.3514169,-0.0309948,0.0591949,-0.2961803,-0.1145412,0.0120164,-0.2852039,-0.1150653,-0.0066622,-0.3777416,0.0141593,0.1030138,-0.3816567,-0.022754,0.0658741,-0.3537736,-0.0644368,0.0250404,-0.3359932,-0.0800582,-0.0027314,-0.3804888,0.0047689,0.0981124,-0.3938639,-0.0189685,0.0652095,-0.3699345,-0.0620222,0.0266894,-0.3533924,-0.0795402,0.000807,-0.3830416,0.0009106,0.0896159,-0.3848288,-0.029766,0.0569747,-0.3720288,-0.0631035,0.0289492,-0.3681326,-0.0636933,0.0167805
1598532959.77,-0.1889289,-0.0054231,0.4794944,-0.269922,0.0978673,0.2779842,-0.3381135,0.0433201,0.1343758,-0.334033,0.0415918,0.1256001,0.0,0.0,0.0,-0.2570723,-0.1041389,0.0480534,-0.2693597,-0.1138987,0.0215299,-0.2757729,-0.1117398,8.94e-05,-0.3585354,0.0082156,0.097394,-0.3514169,-0.0309948,0.0591949,-0.2961803,-0.1145412,0.0120164,-0.2852039,-0.1150653,-0.0066622,-0.3753573,0.0096515,0.1016126,-0.3796692,-0.0263743,0.0648282,-0.358245,-0.0562254,0.0272029,-0.3359932,-0.0800582,-0.0027314,-0.3829014,0.0092753,0.0995057,-0.3962462,-0.0193425,0.0652875,-0.3699345,-0.0620222,0.0266894,-0.3513703,-0.0832062,-9.17e-05,-0.3806083,-0.0036017,0.0882484,-0.3920745,-0.025979,0.0584114,-0.374067,-0.0594644,0.029919,-0.3706247,-0.0680558,0.0159943
1598532960.25,-0.1871311,-0.0104385,0.4793219,-0.269922,0.0978673,0.2779842,-0.3455392,0.0586506,0.1394178,-0.3388226,0.0515341,0.1288038,0.0,0.0,0.0,-0.2570723,-0.1041389,0.0480534,-0.2693597,-0.1138987,0.0215299,-0.2799384,-0.1077089,-0.0009847,-0.3631954,0.0172545,0.1001752,0.0,0.0,0.0,-0.2961803,-0.1145412,0.0120164,-0.2852039,-0.1150653,-0.0066622,-0.3875531,0.0323002,0.1112919,-0.3839477,-0.0189846,0.0694653,-0.3562577,-0.0598749,0.0262418,-0.3340219,-0.0837345,-0.0036214,-0.3804888,0.0047689,0.0981124,-0.3937151,-0.0238638,0.0639874,-0.367655,-0.0616643,0.0266148,-0.3535735,-0.0788325,-0.0013306,-0.3828444,0.0001399,0.0919437,-0.389542,-0.030506,0.057129,-0.374067,-0.0594644,0.029919,-0.3706247,-0.0680558,0.0159943
1598532960.73,-0.1873415,-0.0096165,0.4768391,-0.2685132,0.0810653,0.2684568,-0.3529648,0.0739812,0.1444598,-0.3270664,0.0271305,0.1209402,0.0,0.0,0.0,-0.258807,-0.100491,0.0491263,-0.2671978,-0.1135593,0.0214592,-0.2776009,-0.1080556,0.0010171,-0.3558981,0.0078244,0.0996526,-0.3605114,-0.013732,0.0641181,-0.2961803,-0.1145412,0.0120164,-0.2852039,-0.1150653,-0.0066622,-0.3777416,0.0141593,0.1030138,-0.3816567,-0.022754,0.0658741,-0.35197,-0.0673681,0.0219099,-0.3340219,-0.0837345,-0.0036214,-0.3829014,0.0092753,0.0995057,-0.3916903,-0.0274807,0.0629474,-0.3699345,-0.0620222,0.0266894,-0.3579421,-0.071292,0.0028291,-0.3857634,0.0055512,0.0935953,-0.384662,-0.0346645,0.0557697,-0.3743083,-0.0634614,0.0290238,-0.3726732,-0.0644062,0.0169291
1598532961.21,-0.1873415,-0.0096165,0.4768391,-0.2705026,0.0855317,0.2732545,-0.3429183,0.0532398,0.1376383,-0.3316233,0.0369611,0.1214597,-0.2684656,-0.077069,0.070063,-0.2616328,-0.1041315,0.0460961,-0.2693597,-0.1138987,0.0215299,-0.2781024,-0.1113943,-0.0019056,0.0,0.0,0.0,0.0,0.0,0.0,-0.2961803,-0.1145412,0.0120164,-0.2852039,-0.1150653,-0.0066622,-0.3777416,0.0141593,0.1030138,-0.3747005,-0.0354253,0.0622135,-0.3562577,-0.0598749,0.0262418,-0.3359932,-0.0800582,-0.0027314,-0.3853498,0.0088909,0.0995859,-0.3893245,-0.0271092,0.0628699,-0.3699345,-0.0620222,0.0266894,-0.3513703,-0.0832062,-9.17e-05,-0.3830274,-0.0039815,0.0883275,-0.384662,-0.0346645,0.0557697,-0.374067,-0.0594644,0.029919,-0.3683618,-0.0677005,0.0159202
1598532961.7,-0.1871311,-0.0104385,0.4793219,-0.2735072,0.093414,0.2707821,0.0,0.0,0.0,0.0,0.0,0.0,0.0,0.0,0.0,-0.2598828,-0.1077796,0.0450297,-0.2695353,-0.1132126,0.0194574,-0.2776009,-0.1080556,0.0010171,-0.3509904,-0.0013474,0.0942555,-0.3514169,-0.0309948,0.0591949,-0.2960048,-0.1152273,0.0140889,-0.2868956,-0.1120635,-0.003689,-0.3751584,0.0088744,0.1039598,-0.3839477,-0.0189846,0.0694653,-0.3539783,-0.059517,0.0261672,-0.3340219,-0.0837345,-0.0036214,-0.3802907,0.0039947,0.1004508,-0.3868026,-0.0316319,0.0615702,-0.3696791,-0.0580206,0.0275771,0.0,0.0,0.0,-0.3826473,-0.0006308,0.0942715,-0.3868188,-0.0357781,0.0580969,-0.3764282,-0.0556442,0.0333324,-0.3683618,-0.0677005,0.0159202
1598532962.18,-0.1854365,-0.0146486,0.4736528,0.0,0.0,0.0,-0.3429183,0.0532398,0.1376383,-0.3314206,0.0361689,0.1238527,0.0,0.0,0.0,-0.2594415,-0.1037875,0.0460244,-0.2693597,-0.1138987,0.0215299,-0.2777765,-0.1073694,-0.0010555,-0.3605382,0.0168604,0.1024508,-0.3540015,-0.025704,0.0582313,-0.2921346,-0.117865,0.0109808,-0.2830567,-0.1147281,-0.0067325,-0.3801259,0.0186672,0.104415,-0.3841411,-0.0182285,0.0671815,-0.3584307,-0.0554996,0.0250107,-0.3359932,-0.0800582,-0.0027314,-0.385314,0.0137818,0.1008991,-0.3962462,-0.0193425,0.0652875,-0.3699345,-0.0620222,0.0266894,-0.35592,-0.0749579,0.0019304,-0.3881959,0.0100606,0.0949716,-0.3871854,-0.030136,0.0570519,-0.374067,-0.0594644,0.029919,-0.3660156,-0.0762676,0.0138907
1598532962.66,-0.1873415,-0.0096165,0.4768391,-0.273074,0.0917211,0.2758956,-0.3359295,0.0388109,0.1328928,-0.3292435,0.0316497,0.1223964,-0.2667418,-0.0807042,0.068948,-0.2570723,-0.1041389,0.0480534,-0.2693597,-0.1138987,0.0215299,-0.2776009,-0.1080556,0.0010171,-0.3585354,0.0082156,0.097394,-0.3565495,-0.0253261,0.0560493,-0.2961803,-0.1145412,0.0120164,-0.2870705,-0.1113797,-0.0057545,-0.3729729,0.0051436,0.1002114,-0.3773762,-0.0301519,0.0612617,-0.3539579,-0.0637163,0.022864,-0.3340219,-0.0837345,-0.0036214,-0.3853498,0.0088909,0.0995859,-0.3937151,-0.0238638,0.0639874,-0.3673952,-0.0665755,0.0254862,-0.3556223,-0.0798903,0.00088,-0.3830274,-0.0039815,0.0883275,-0.3918824,-0.0267298,0.0606794,-0.3717514,-0.0680089,0.0278111,-0.3658103,-0.072264,0.0147519
1598532963.14,-0.1854365,-0.0146486,0.4736528,-0.2685132,0.0810653,0.2684568,-0.3429183,0.0532398,0.1376383,-0.3315258,0.0419855,0.1255181,0.0,0.0,0.0,-0.258807,-0.100491,0.0491263,-0.2671978,-0.1135593,0.0214592,-0.2762663,-0.1150797,-0.0028265,-0.3629958,0.0164745,0.1025312,0.0,0.0,0.0,-0.2961803,-0.1145412,0.0120164,-0.2852039,-0.1150653,-0.0066622,-0.3753573,0.0096515,0.1016126,-0.3841411,-0.0182285,0.0671815,-0.3537736,-0.0644368,0.0250404,-0.3340219,-0.0837345,-0.0036214,-0.3829014,0.0092753,0.0995057,-0.3937151,-0.0238638,0.0639874,-0.3699345,-0.0620222,0.0266894,-0.3601885,-0.0716447,0.0029026,-0.3857634,0.0055512,0.0935953,-0.3897087,-0.0256075,0.058334,-0.374067,-0.0594644,0.029919,-0.368178,-0.0684187,0.0180896
1598532963.63,-0.1852271,-0.015467,0.476125,0.0,0.0,0.0,-0.3527554,0.0731627,0.146932,-0.3380511,0.0548414,0.1350405,0.0,0.0,0.0,-0.2553376,-0.107787,0.0469804,-0.2650359,-0.1132199,0.0213884,-0.2719719,-0.1144055,-0.002967,-0.3607378,0.0176404,0.1000948,-0.3514536,-0.0260819,0.0604134,-0.2921346,-0.117865,0.0109808,-0.2833373,-0.1187507,-0.00757,-0.3776069,0.00849,0.1040399,-0.3796692,-0.0263743,0.0648282,-0.3562577,-0.0598749,0.0262418,-0.3359932,-0.0800582,-0.0027314,-0.3875721,0.0126159,0.1033355,-0.3893245,-0.0271092,0.0628699,-0.3743187,-0.054555,0.0310562,-0.3556223,-0.0798903,0.00088,-0.3879971,0.0092836,0.0973188,-0.3960882,-0.0242364,0.0640651,-0.3764282,-0.0556442,0.0333324,-0.366388,-0.0795581,0.0108827
1598532964.11,-0.1753919,-0.0343449,0.4637872,-0.2536714,0.0310221,0.2588644,-0.347308,0.0615367,0.1458029,-0.3334894,0.0457075,0.1293864,0.0,0.0,0.0,-0.2207023,-0.1716333,0.0300398,-0.2229565,-0.1868838,0.0051157,-0.2261622,-0.1906512,-0.0163543,-0.3576052,0.0256078,0.1124117,-0.3553599,-0.0144961,0.0685298,0.0,0.0,0.0,-0.2540224,-0.1688866,-0.0138571,-0.3772267,0.0217091,0.1154358,-0.3720889,-0.0316557,0.0678849,-0.3536548,-0.0513107,0.03038,-0.3269226,-0.0793678,-0.0008917,-0.3848614,0.0213284,0.1133037,-0.3862103,-0.0242523,0.0683044,-0.3651347,-0.0531131,0.0307557,-0.3444729,-0.0781398,0.0005152,-0.3826568,0.0133876,0.1031746,-0.3889688,-0.0231186,0.0638321,-0.3743649,-0.0503743,0.0344027,-0.3651347,-0.0531131,0.0307557
1598532964.59,-0.2763567,0.2264868,0.6155561,-0.4480671,0.4286604,0.4046126,-0.3173083,0.0622419,0.140943,-0.297936,0.0341581,0.112841,-0.2792369,0.0288137,0.1021528,0.0,0.0,0.0,0.0,0.0,0.0,-0.2160106,-0.0467689,0.019636,-0.3076439,0.0062569,0.0905115,-0.2999642,-0.0221415,0.0552545,-0.2673188,-0.0516125,0.0243936,-0.244509,-0.0671622,-0.0014522,-0.3294232,0.0085273,0.0901955,-0.3196273,-0.0319965,0.0445254,-0.283725,-0.0658404,0.0060251,-0.2566446,-0.0849208,-0.0201591,-0.3307629,-0.0137802,0.0768854,-0.3337907,-0.0334514,0.0427499,-0.2997619,-0.0668799,0.0022451,-0.2656498,-0.1041978,-0.0300076,-0.3386836,-0.0118779,0.067984,-0.3344268,-0.0367342,0.0396075,-0.3077917,-0.0663845,0.0098259,-0.302001,-0.0672315,0.0023183
1598532965.07,0.0,0.0,0.0,-0.4290536,0.4746787,0.37192,-0.1956961,-0.0314594,0.0240818,-0.2035948,-0.0243236,0.0310302,0.0,0.0,0.0,-0.0843787,-0.2081671,-0.0574579,-0.0622759,-0.2301769,-0.0896565,-0.0366964,-0.2606586,-0.1143574,-0.1736684,-0.0883386,-0.037146,-0.1568738,-0.1222841,-0.074137,-0.1338,-0.157331,-0.1052559,-0.1180352,-0.170094,-0.1235588,-0.190983,-0.1009825,-0.0449727,-0.174881,-0.1311711,-0.080766,-0.1418633,-0.1624808,-0.1154383,-0.1111905,-0.1869085,-0.1431742,-0.198929,-0.1081746,-0.0522664,-0.18568,-0.1409847,-0.0878529,-0.1590745,-0.1710431,-0.1195668,-0.1320822,-0.1901886,-0.1424906,-0.2013125,-0.1175464,-0.0601759,-0.1877096,-0.1413034,-0.0877865,-0.1663213,-0.1645581,-0.1104467,-0.157122,-0.1707365,-0.1196307
1598532965.55,0.0,0.0,0.0,0.0,0.0,0.0,-0.1133892,-0.1161378,-0.0735771,-0.1073821,-0.1320825,-0.0929729,-0.046626,-0.2346913,-0.1227037,-0.0173153,-0.2797071,-0.1563339,0.0009717,-0.3047245,-0.1813942,0.0132614,-0.3051257,-0.2029813,-0.0863461,-0.1836348,-0.1421615,-0.0788249,-0.2193979,-0.1809042,-0.0438753,-0.3076963,-0.2135321,-0.0375883,-0.3044639,-0.2327078,-0.1085265,-0.1883257,-0.1472407,-0.0971694,-0.2261357,-0.1877185,-0.0723861,-0.2558439,-0.2181176,-0.0516966,-0.277523,-0.239447,-0.1178292,-0.1953435,-0.1494016,-0.1131826,-0.233719,-0.1910813,-0.0939517,-0.2572186,-0.2139446,-0.0743997,-0.2737295,-0.2352662,-0.119815,-0.1999841,-0.1553794,-0.1186458,-0.2301024,-0.1852836,-0.1055296,-0.2425783,-0.2024388,-0.1003088,-0.25039,-0.2116637
1598532966.04,0.0,0.0,0.0,0.0,0.0,0.0,-0.098531,-0.1446655,-0.1054105,-0.0907637,-0.1544579,-0.1171105,-0.0653187,-0.1623302,-0.1331143,-0.0384043,-0.1965358,-0.1681603,-0.0208668,-0.228946,-0.1999833,-0.0054947,-0.2500329,-0.222186,-0.0712111,-0.1979322,-0.1593718,-0.0635066,-0.2350561,-0.2002901,-0.0497001,-0.2526791,-0.2239201,-0.0328736,-0.2702837,-0.2432137,-0.0917438,-0.2061316,-0.1628586,-0.0805628,-0.2443595,-0.2053028,-0.0574361,-0.2663374,-0.2340514,-0.0379668,-0.2810732,-0.2512532,-0.1049917,-0.2069904,-0.1659812,-0.0998785,-0.2473921,-0.2046707,-0.0827396,-0.2614365,-0.2279831,-0.0561713,-0.2839314,-0.2506575,-0.1086296,-0.2125592,-0.1699573,-0.1079171,-0.2414442,-0.2005389,-0.0951121,-0.258272,-0.2206934,-0.0867612,-0.2652337,-0.2279568
1598532966.51,0.0,0.0,0.0,-0.1623167,0.0882585,0.1309728,-0.0087539,-0.1230407,-0.0991936,-0.0042536,-0.1244148,-0.1057143,0.0389142,-0.1436683,-0.1245657,0.0709977,-0.168788,-0.1559035,0.0063176,-0.2130135,-0.191327,0.061205,-0.2384268,-0.2276707,0.0238517,-0.2162433,-0.1993434,0.0764005,-0.2237991,-0.2140881,0.0543553,-0.2307824,-0.2186503,0.0534512,-0.2437836,-0.2309031,0.0567622,-0.2056865,-0.1912509,0.0781473,-0.2235248,-0.2141452,0.0798941,-0.2232506,-0.2142024,0.0721887,-0.230562,-0.2210467,0.0502186,-0.2101505,-0.1965695,0.0752826,-0.2173303,-0.2085353,0.0765424,-0.2243535,-0.2124135,0.1020584,-0.2156871,-0.2112791,0.0381189,-0.2054896,-0.1904137,0.0926898,-0.2000457,-0.1924267,0.0,0.0,0.0,0.0996173,-0.2232997,-0.2150114
1598532967.0,-0.0563379,-0.1031777,0.3231531,0.0,0.0,0.0,0.1401047,-0.1892701,-0.1228713,0.1393974,-0.1918272,-0.1250493,0.1742424,-0.2179232,-0.1306165,0.2122217,-0.2419306,-0.153367,0.2353279,-0.2711893,-0.179571,0.2531308,-0.2728436,-0.1951691,0.2040301,-0.2372998,-0.1610048,0.2239976,-0.2670921,-0.1900952,0.2416993,-0.2703355,-0.2073246,0.2436865,-0.2719852,-0.2234332,0.1781479,-0.1562992,-0.1654369,0.2025321,-0.1874166,-0.1981178,0.2185037,-0.2497741,-0.2179922,0.229244,-0.248954,-0.2313612,0.1592187,-0.1686139,-0.1749076,0.1755335,-0.1975256,-0.2081127,0.1987723,-0.2112595,-0.2235241,0.2159661,-0.22094,-0.2346566,0.144605,-0.1834388,-0.1845613,0.1651182,-0.2032257,-0.2114752,0.1799756,-0.2173619,-0.2230566,0.1917274,-0.2179341,-0.231942
1598532967.48,-0.0545308,-0.0924289,0.3205917,0.0,0.0,0.0,0.1823805,-0.1984975,-0.124677,0.1820614,-0.1981878,-0.1319303,0.2175405,-0.2154813,-0.1379968,0.2504015,-0.2399301,-0.1585264,0.2761748,-0.2626029,-0.1872361,0.2840305,-0.2663786,-0.2008789,0.2459876,-0.2364149,-0.161312,0.2654388,-0.2621153,-0.1932131,0.2687866,-0.2639313,-0.2144758,0.2774067,-0.2635241,-0.2275424,0.2267755,-0.2251609,-0.171158,0.2505554,-0.252812,-0.2048652,0.254959,-0.2628751,-0.2234205,0.2668022,-0.256175,-0.2379039,0.2060963,-0.1643597,-0.1767218,0.2181172,-0.1929309,-0.2096329,0.0,0.0,0.0,0.2515394,-0.2347843,-0.2414031,0.1913395,-0.1838127,-0.1884991,0.2039048,-0.1996967,-0.214612,0.2193538,-0.2115739,-0.2294124,0.2327456,-0.2218968,-0.2402881
1598532967.96,-0.0303812,-0.1102999,0.3113981,0.0481292,-0.1268695,0.0262313,0.1853295,-0.1944363,-0.1352513,0.1909222,-0.196275,-0.1430629,0.2238635,-0.2149369,-0.1524378,0.2544928,-0.2445226,-0.1744967,0.2773839,-0.2638044,-0.1987641,0.2737762,-0.2657744,-0.2132066,0.2486973,-0.2417797,-0.1756196,0.2675335,-0.2568966,-0.2075204,0.2659348,-0.2647904,-0.2287244,0.2729222,-0.2536006,-0.2428027,0.2280266,-0.2267069,-0.1816651,0.2387436,-0.2476951,-0.215455,0.253783,-0.2603272,-0.237555,0.2640278,-0.2401152,-0.2516587,0.2059996,-0.1712861,-0.1845653,0.2162348,-0.2065138,-0.2206071,0.2309868,-0.2200612,-0.2401639,0.2472845,-0.2337185,-0.2525287,0.1909453,-0.1852122,-0.1939152,0.2004701,-0.2068905,-0.2199857,0.2091763,-0.2204618,-0.232715,0.219045,-0.2234882,-0.2414695
1598532968.44,-0.0316646,-0.1142946,0.3069456,0.0475624,-0.1240237,0.0270279,0.1913365,-0.198,-0.1378641,0.1949907,-0.200589,-0.1474219,0.2256158,-0.2180511,-0.1581656,0.2581239,-0.2546729,-0.180694,0.2735008,-0.2648746,-0.2035118,0.2783276,-0.2671233,-0.216671,0.2499688,-0.2450683,-0.1810438,0.2684636,-0.2562072,-0.209133,0.2641832,-0.2645306,-0.2302244,0.2724978,-0.254169,-0.2475434,0.2275882,-0.2256381,-0.1849632,0.2385605,-0.2450809,-0.2169292,0.2504335,-0.2634804,-0.2391187,0.2605966,-0.2348087,-0.2530272,0.2060994,-0.1737838,-0.1865738,0.2162348,-0.2065138,-0.2206071,0.2309868,-0.2200612,-0.2401639,0.2454852,-0.2334516,-0.2540695,0.1891272,-0.1880286,-0.1958097,0.2004552,-0.2084177,-0.2217611,0.2090114,-0.2173274,-0.2325884,0.219045,-0.2234882,-0.2414695
1598532968.92,-0.0392128,-0.1124817,0.2984629,0.0481292,-0.1268695,0.0262313,0.1897602,-0.2013114,-0.1382144,0.1872548,-0.1974475,-0.1412054,0.2220756,-0.2152176,-0.1523793,0.2559366,-0.2529506,-0.1804216,0.2734151,-0.2648881,-0.2035089,0.2797718,-0.268454,-0.2183988,0.2488222,-0.2489035,-0.1796866,0.2667251,-0.2564802,-0.2090761,0.2624268,-0.2663748,-0.2318157,0.2724978,-0.254169,-0.2475434,0.2262912,-0.2295163,-0.1835446,0.2368412,-0.2432573,-0.2167533,0.2503999,-0.2603217,-0.239007,0.2605966,-0.2348087,-0.2530272,0.2041543,-0.1740892,-0.1865101,0.2162348,-0.2065138,-0.2206071,0.2275218,-0.2221573,-0.2417469,0.243741,-0.23636,-0.2556645,0.1907099,-0.1846561,-0.1956344,0.1988587,-0.2092419,-0.2200385,0.2091763,-0.2204618,-0.232715,0.2157593,-0.2287298,-0.2431408
1598532969.4,-0.0437534,-0.1131946,0.2986115,0.0471634,-0.1322912,0.0291772,0.1898464,-0.2043619,-0.1386191,0.1932447,-0.2059849,-0.1479905,0.2279305,-0.2264755,-0.1575156,0.257692,-0.2568064,-0.1808807,0.2734073,-0.2669708,-0.2036636,0.2767075,-0.2673776,-0.2166179,0.2472095,-0.2543208,-0.180136,0.2651738,-0.2640257,-0.2095182,0.2609417,-0.2671416,-0.2302132,0.2691962,-0.2599759,-0.2475755,0.2265053,-0.2367296,-0.1842051,0.2371506,-0.25577,-0.2174812,0.2488135,-0.2637348,-0.2390657,0.2589486,-0.2424884,-0.2531201,0.2038176,-0.1716287,-0.1844939,0.2109177,-0.2052502,-0.2203276,0.2274912,-0.2247737,-0.2434651,0.2437777,-0.238477,-0.2557006,0.1871674,-0.1858053,-0.1937916,0.1988587,-0.2092419,-0.2200385,0.205584,-0.2178655,-0.2324763,0.2156955,-0.222462,-0.2396635
1598532969.89,-0.0454103,-0.1075156,0.3093428,0.0389419,-0.1335821,0.0294463,0.1821575,-0.2030999,-0.1362334,0.1798869,-0.2004822,-0.14482,0.2128321,-0.2191641,-0.154135,0.2472257,-0.2502638,-0.1764031,0.265117,-0.2626136,-0.1981144,0.2687388,-0.2691636,-0.2147998,0.2379802,-0.2459994,-0.1772052,0.2555765,-0.2587739,-0.2071292,0.2545945,-0.2665709,-0.2283533,0.2626124,-0.2551844,-0.2487826,0.2172312,-0.2315057,-0.1815971,0.2302215,-0.2463901,-0.2166563,0.2402467,-0.2429318,-0.2380113,0.2505319,-0.2379629,-0.2543307,0.1951525,-0.180694,-0.1866382,0.204094,-0.2068964,-0.2184304,0.220869,-0.2263713,-0.2416239,0.2371646,-0.234758,-0.2537972,0.1774817,-0.186733,-0.1952015,0.1920617,-0.2154644,-0.2234521,0.2006252,-0.2233486,-0.2341546,0.2105682,-0.2248191,-0.2411921
1598532970.37,-0.0508572,-0.105338,0.3162297,0.0354889,-0.1272849,0.0313994,0.177728,-0.1970727,-0.1370168,0.1762493,-0.1934631,-0.1419394,0.2110477,-0.2169491,-0.1520184,0.2435364,-0.2456849,-0.1757626,0.264977,-0.2600145,-0.1995263,0.2690512,-0.2649654,-0.2113521,0.2381835,-0.2434304,-0.1752755,0.2522231,-0.2577598,-0.2052894,0.2530488,-0.2599997,-0.2263884,0.2613853,-0.2548741,-0.2439913,0.2168743,-0.2284578,-0.1813001,0.2288246,-0.2477106,-0.213404,0.2389379,-0.2531714,-0.2367216,0.2492556,-0.2376844,-0.2494672,0.1928378,-0.1764657,-0.1843935,0.204094,-0.2068964,-0.2184304,0.2190936,-0.2219285,-0.2397747,0.2355826,-0.2381885,-0.2538031,0.175792,-0.1901223,-0.1953733,0.1900296,-0.2100545,-0.2214199,0.2006353,-0.2218028,-0.2324355,0.2088729,-0.2250853,-0.2411367
1598532970.85,-0.0547814,-0.0998894,0.3142382,0.0286321,-0.1251385,0.0346705,0.17603,-0.2004032,-0.1373632,0.1735155,-0.1938923,-0.1418499,0.2052598,-0.2139021,-0.1478078,0.2401534,-0.2488359,-0.1742388,0.2598305,-0.2613659,-0.1977758,0.2656605,-0.26496,-0.2128073,0.2329919,-0.2448052,-0.1734759,0.2470546,-0.2591158,-0.2035347,0.2483097,-0.2633812,-0.2247691,0.2581268,-0.2553857,-0.2438847,0.211465,-0.2293071,-0.1811231,0.2238211,-0.2484962,-0.2132402,0.2359242,-0.2594539,-0.2352464,0.2460816,-0.247713,-0.2495838,0.1909202,-0.1782436,-0.1862461,0.2006115,-0.2074432,-0.2183164,0.2156892,-0.2198581,-0.2379247,0.2322455,-0.2339594,-0.2519946,0.1739464,-0.1904121,-0.1953129,0.188661,-0.2139907,-0.219863,0.1955106,-0.2226074,-0.2322678,0.2056198,-0.2261557,-0.2394004
1598532971.34,-0.0533396,-0.1049698,0.3141038,0.0249016,-0.1179126,0.0369097,0.1667582,-0.1851035,-0.1330147,0.166711,-0.1863576,-0.1387069,0.2009052,-0.2047821,-0.1482412,0.2345222,-0.2394099,-0.1729973,0.2545267,-0.2543787,-0.1986173,0.2624232,-0.256069,-0.2120995,0.2274132,-0.2399633,-0.1744033,0.2417883,-0.2541885,-0.2045783,0.2432514,-0.2615379,-0.2260678,0.2499573,-0.2545553,-0.2435542,0.2056199,-0.2250515,-0.1804561,0.2174208,-0.2506023,-0.2098242,0.2274301,-0.2513064,-0.2346049,0.2376873,-0.2463698,-0.2508422,0.1834096,-0.1661007,-0.1812818,0.1917567,-0.2036987,-0.2143306,0.2056004,-0.2220048,-0.235956,0.2238515,-0.2368482,-0.2533616,0.1660016,-0.1866011,-0.1911343,0.1796029,-0.2081725,-0.2157862,0.1867417,-0.2157296,-0.2249378,0.193525,-0.2217913,-0.2354871
1598532971.83,-0.051528,-0.1114958,0.3183363,0.0184052,-0.1081917,0.0400333,0.1574798,-0.1706336,-0.1324689,0.1552249,-0.1697555,-0.1359831,0.1900105,-0.1915533,-0.1478754,0.2219695,-0.2301485,-0.1679983,0.241756,-0.2402345,-0.1986053,0.2453396,-0.234662,-0.213311,0.2160772,-0.2254684,-0.1654796,0.2309584,-0.2398496,-0.1980935,0.2313025,-0.2346393,-0.2193354,0.2365493,-0.2229787,-0.2355233,0.1945424,-0.217145,-0.1739937,0.2104288,-0.2309799,-0.2015556,0.2145701,-0.2181519,-0.2278281,0.2241902,-0.2274061,-0.2434167,0.1672823,-0.1704537,-0.1754516,0.1809893,-0.1972536,-0.2065891,0.195233,-0.215361,-0.2286231,0.2089093,-0.231867,-0.2462372,0.1521045,-0.1797479,-0.1828016,0.1652613,-0.2037847,-0.2097866,0.1764209,-0.2188834,-0.2263512,0.1836898,-0.2286088,-0.2353495
